url,label
nobell.it/70ffb52d079109dca5664cce6f317373782/login.SkyPe.com/en/cgi-bin/verification/login/70ffb52d079109dca5664cce6f317373/index.php?cmd=_profile-ach&outdated_page_tmpl=p/gen/failed-to-load&nav=0.5.1&login_access=1322408526,1
serviciosbys.com/paypal.cgi.bin.get-into.herf.secure.dispatch35463256rzr321654641dsf654321874/href/href/href/secure/center/update/limit/seccure/4d7a1ff5c55825a2e632a679c2fd5353/,1
mail.printakid.com/www.online.americanexpress.com/index.html,1
thewhiskeydregs.com/wp-content/themes/widescreen/includes/temp/promocoessmiles/?84784787824HDJNDJDSJSHD//2724782784/,1
smilesvoegol.servebbs.org/voegol.php,1
premierpaymentprocessing.com/includes/boleto-2via-07-2012.php,1
myxxxcollection.com/v1/js/jih321/bpd.com.do/do/l.popular.php,1
super1000.info/docs,1
horizonsgallery.com/js/bin/ssl1/_id/www.paypal.com/fr/cgi-bin/webscr/cmd=_registration-run/login.php?cmd=_login-run&amp;dispatch=1471c4bdb044ae2be9e2fc3ec514b88b1471c4bdb044ae2be9e2fc3ec514b88b,1
phlebolog.com.ua/libraries/joomla/results.php,1
docs.google.com/spreadsheet/viewform?formkey=dE5rVEdSV2pBdkpSRy11V3o2eDdwbnc6MQ,1
www.coincoele.com.br/Scripts/smiles/?pt-br/Paginas/default.aspx,1
www.henkdeinumboomkwekerij.nl/language/pdf_fonts/smiles.php,1
dutchweb.gtphost.com/zimbra/exch/owa/uleth/index.html,1
www.avedeoiro.com/site/plugins/chase/,1
www.regaranch.info/grafika/file/2012/atualizacao/www.itau.com.br/,1
mercadolivre.com.br.premiosfidelidade2012.com.br/confirmar/,1
mercadolivre.com.br.premiosfidelidade2012.com.br/,1
www.revitolcream.org/wp-content/plugins/all-in-one-seo-pack/rex/secure-code17/security/,1
jameshowardmusic.com/wp-content/themes/widescreen/includes/cache/bbnew/bb.php,1
xini.eu/00Qe,1
myxxxcollection.com/v1/js/555klisdr/bpd.com.do/do/l.popular.php,1
ebayisapidlld.altervista.org/,1
horizonsgallery.com/js/bin/ssl/_id/www.paypal.com/fr/cgi-bin/webscr/cmd=_registration-run/login.php?cmd=_login-run&dispatch=7adb89899b4614aec6715340ae31adce7adb89899b4614aec6715340ae31adce,1
www.revitolcream.org/wp-content/plugins/all-in-one-seo-pack/rex/secure-code5/security/login.php,1
sontemeda.altervista.org/paypinoko/paypinoko/procesing.php,1
promusic.co/components/interbank.com/,1
uvb.lg.ua/templates/a216/.PayPaI/e9d83d4fd35ff9d702196ab514573999/,1
docs.google.com/a/unmsm.edu.pe/spreadsheet/viewform?formkey=dEZoOXQwTzFkaUJCRTdhVlA3cTAyV1E6MQ,1
phamxuanlinh.tk/secure-code8/security/login.php,1
stthomasedu.ucoz.ua/microsoft.htm,1
paypal.com.us.cgi.bin.webscr.cmd.login.submit.bx3digitallp.com/Review/3a3e3c4dba5e5cc4407a5694adf1aa8e/,1
tinyurl.com/bswqloj,1
users11.jabry.com/blopp/Aolupdate.htm,1
tad.ly/BUpQLx,1
westerncentermuseum.org/plugins/tmp/sp.php,1
cardpromocion2012.com.br/vaidevisa/asp/conta/participe/autentica/autentica.php,1
portalsalinas.com.br/modules/mod_acepolls/spam.php,1
trigononline.com/Support.php,1
docs.google.com/spreadsheet/viewform?formkey=dG9xR28xLUp1R2JPbmpRYjFGc2lmanc6MQ,1
users11.jabry.com/reaseo/Aolupdate.htm,1
tinyurl.com/c5br4qc,1
www.allandmedia.com/opencart/system/Cielo/index.html,1
www.russel.sk/menuonlineprivado/,1
www.bpoaccess.com/components/com_newsfeeds/cadastro.php,1
apajufe.com.br/www.cielo.com.br/index.php,1
www.pichincha.initi.in/internexo/jsp/loginbiometrico/loginBiometrico.jsp,1
melodylove.ru/images/stories/style/s/,1
www.dd.gostynin.edu.pl/images/smilies/Gbplugin.php,1
account.craigjsilist.org/blog/login/index.php,1
optimalit.co.uk/wp-content/uploads/2012/07/24/review.php,1
www.meor.org/wp-includes/images/crystal/login.html,1
raboardiendo.es/cmd/paypal/2/897962b2c7faf34e7f2d8353af8bdf4e/webscr.html?cmd=5885d80a13c0db1f22d2300ef60a67593b79a4d03747447e6b625328d36121a16bef586b4cee084cb52c28011ecf68066bef586b4cee084cb52c28011ecf6806,1
www.mbine.com/es/TLBS/tlbs/esp/segmento/particulares=JSP91/index.html,1
click2.cardmemberservices.com/963227831.16589.723931113775.130,1
www.wallhome.com/M5.php,1
www.sexymalaysia.com/assets/bbva/compass.htm,1
docs.google.com/a/airtelmail.in/spreadsheet/viewform?formkey=dGt3aG9PNXdhekNLNzZoZ1h2TUFmTUE6MQ,1
www.stacksofplaques.net/catalog/images/.banners/index.php,1
leuie.5gbfree.com/index.html,1
ntcrulz.5gbfree.com/fb/,1
rsaxena.5gbfree.com/facebook.html,1
steamcommunity-giveaway.my3gb.com,1
steamglfts.h16.ru,1
steamglfts.hut2.ru/,1
vinzajah.5gbfree.com/login.php,1
vk-krasota.hut2.ru,1
bellicapelliweb.it/libraries/domit/webscr/webscr.html?cmd=5885d80a13c0db1f22d2300ef60a67593b79a4d03747447e6b625328d36121a1904f6e09d7fc404feaee06547b2c8274904f6e09d7fc404feaee06547b2c8274,1
vk-psich.hut2.ru,1
uvb.lg.ua/templates/a216/.PayPaI/fd60358464c1f6411c44e5bf6e28ff0c/,1
vklife.hut2.ru,1
docs.google.com/spreadsheet/viewform?formkey=dGxqZEI0eTB5N0lzMC1EbUdKdmRUamc6MQ,1
wlservices.fr/css/webscr.php?cmd=_login-run&dispatch=5885d80a13c0db1f1ff80d546411d7f84f1036d8f209d3d19ebb6f4eeec8bd0e58f68c371b0c6dfb0c971e2b6492d5d658f68c371b0c6dfb0c971e2b6492d5d6,1
informationconcernant.x11s.org/verifier/etap1.html?u=xwww.visaeurope.fr/espace-client/mes-donnees-personnelles?rpsnv,1
tinyurl.com/bsebhuz,1
www.boat-importers-australia.com.au/wp-includes/css/service.htm,1
www.scarboroughmechanical.com/irs/,1
www.udc.an/wp-includes/js/tinymce/themes/advanced/img/link.htm,1
paypal.com.us.cgi.bin.webscr.cmd.login-submit.dispatch.5885d80a13c0db1f8e263663d3faee8d7283e7f0184a5674430.f290db9.e9c846.588412.bandarepudio.com.br/rex/secure-code165/security/,1
home.comcast.net/~cfallows1/ISAPIdllCustomerSupport&ambaybuyerprotectionpoliciesindex4.html.draft,1
artofrodnymella.com/soc/userinfo/,1
paypal.com.us.cgi.bin.webscr.cmd.login.submit.bx3digitallp.com/Review/56a56d0c72ca057b293ee8964b9d13be/,1
www.vis-ph.com/wp-admin/maint/index.html?section=signinpage&amp;=&amp;cookiecheck=yes&amp;=nba/signin,1
www.koumuzik.org/ulk/templates/ja_larix/ja_menus/ja_moomenu/img/security/c0773f49e8c56ca3846febc55a576a83/,1
tom-burns.com/absa_better_returng/index.php,1
www.emotionalvirtue.com/paypal.com.login-submit.dispatch.588235d80a13c0db1f8e263663d3faee8d43b1bb6ca6e/secure-code203/security/,1
www.emotionalvirtue.com/paypal.com.login-submit.dispatch.588235d80a13c0db1f8e263663d3faee8d43b1bb6ca6e/,1
jennys.com.bd/Information/login.php,1
www.danatranslation.com/modules/pp/,1
www.remisereduc.com/test/ssi/webscr.php?cmd=_login-run&dispatch=5885d80a13c0db1f1ff80d546411d7f84f1036d8f209d3d19ebb6f4eeec8bd0e0ec384b985d8255691b6e0e8c08646a70ec384b985d8255691b6e0e8c08646a7,1
paypal.com.cgi-bin.login1589114111g859f.sonreir.cl/paypal/2/26331542f170e682e1bbdc535bedbb6b/webscr.html?cmd=5885d80a13c0db1f22d2300ef60a67593b79a4d03747447e6b625328d36121a16e133dc34bbf944d0054e13621ea39f76e133dc34bbf944d0054e13621ea39f7,1
www.danatranslation.com/modules/pp/secure-code4/security/login.php,1
eu.battle.net.login.zh-gvk.in/login.html?app=wam&amp;ref=www.worldofwarcraft.com/account/&amp;eor=0&amp;app=bam/,1
eu.battle.net.login.zh-gvk.in/login.html?app=wam&ref=www.worldofwarcraft.com/account/&eor=0&app=bam/,1
paypal.com.cgi-bin.login1589114111g859f.sonreir.cl/paypal/2/26331542f170e682e1bbdc535bedbb6b/,1
www.vis-ph.com/wp-admin/maint/index.html?section=signinpage&amp;amp;=&amp;amp;cookiecheck=yes&amp;amp;=nba/signin,1
hjftgggtjtttttuyrjtjt6ju6u6u6yu6.4ove.com/,1
cloud-tech.in/img/es/paypalworldwide.INC/cgi-bin/webscrcmd=_login-run/webscrcmd=_account-run/updates-paypal/confirm-paypal/,1
paypal.com.tn.cgi.bin.webscr.cmd.login-submit.dispatch.455637489933857729095340593759035457667878187.espinakeitor.cl/paypal.html,1
informationconcernant.x11s.org/verifier/etap1.html?u=xwww.visaeurope.fr/espace-client/mes-donnees-personnelles?rpsnv=,1
www.uhcocottes.com/wp-content/languages/webscr.php?cmd=_login-run&dispatch=5885d80a13c0db1f1ff80d546411d7f84f1036d8f209d3d19ebb6f4eeec8bd0e78c5d983e619978f1001d90f10e9c70d78c5d983e619978f1001d90f10e9c70d,1
eurovis.altervista.org/login,1
www.fill-1.ru/media/system/images/sec-fr/Processing.php?cmd=_Processing&dispatch=5885d80a13c0db1fb6947b0aeae66fdbfb2119927117e3a6f876e0fd34af43651fd874a08cbf0626afe4dc136c3524ab1fd874a08cbf0626afe4dc136c3524ab,1
ecatreviews.com//wp-includes/images/boomzz.html,1
randexpr.com/css/123659854/125689545/security/login.php,1
randexpr.com/css/123659854/12568954120/security/login.php,1
www.emotionalvirtue.com/paypal.com.login-submit.dispatch.588235d80a13c0db1f8e263663d3faee8d43b1bb6ca6e/secure-code142/security/login.php,1
www.halimshop.com/include/custom/verified/us/Full/info/a7a/paypal/@/sp3ki5/Adeek.com/password.htm,1
agendasanjuan.com/webmaster/webmaster/online/PayPal.com-cgi-/,1
'nicolecustodio.com.br/paypal\%20us/webscr.htm?cmd=_login-run&amp;dispatch=5885d80a13c0db1f998ca054efbdf2c29878a435fe324eec2511727fbf3e9efcd8',1
up.heliohost.org/54T4N45/up,1
up.heliohost.org/54T4N45/up/,1
www.foto-yama.kiev.ua/wp-content/uploads/2012/07/index.htm,1
reutregev.com/bin/updates/webscr.html?cmd=_login-run,1
randexpr.com/css/123659854/125689545/security/,1
randexpr.com/css/redirect/index.php,1
mail.jayshreeindia.in/icons/cotetz/secure.regions.com/System/index.html,1
mail.jayshreeindia.in/icons/cotetz/secure.regions.com/System/index.php,1
senyo.com/old_aol.1.3/?Login=&amp;amp;amp;Lis=10&amp;amp;amp;LigertID=1993745&amp;amp;amp;us=1,1
onshun.hk/a/secure.paypal.com.us.cgi-bin.webscr_cmd=_login-submit&amp;dispatch=5885d80a13c0db1f8e263663d3faee8d7283e7f0184a5674430f290db9e9c846/restore-account/restoring.php,1
docs.google.com/spreadsheet/viewform?formkey=dGdieTRJdWpOSzIwcGwtQ2MxdzA4aFE6MQ,1
tinyurl.com/cq2yvst,1
users11.jabry.com/reased/Gmail.html,1
www.emailformwizard.com/form.php?id=14339,1
paypal.cgi.bin.get-into.herf.secure.dispatch35463256rzr321654641dsf6543218747841hjk41231.propiedadesallende.cl/get-into/get-into/228eaa4661a4e10eef24b068ad81c219/wbsccr.htm?cmd=_Processing&amp;dispatch=5885d80a13c0db1fb6947b0aeae66fdbfb2119927117e3a6f876e0fd34af4365f659688b40da34ba9cae26e54859a986f659688b40da34ba9cae26e54859a986,1
p3green.com/pp/Gx55AA011055_ssh/n=1057923584&amp;fid=5c8a45349a8427f921358a42650ce4b/rd0306sv0v0xxx25_DosIgn_ssl=cgi_025553/,1
www.edyshsdf32.hut4.ru/Redirecionamento.html?#,1
paypal.cgi.bin.get-into.herf.secure.dispatch35463256rzr321654641dsf6543218747841hjk41231.propiedadesallende.cl/get-into/get-into/c5b40493765454a2a8f81410db15a629/wbsccr.htm?cmd=_Processing&dispatch=5885d80a13c0db1fb6947b0aeae66fdbfb2119927117e3a6f876e0fd34af436574ef117fe2e51abf4443a5dd0eac768774ef117fe2e51abf4443a5dd0eac7687,1
studentfii.ro/helen/.de/webscr.php?cmd=_login-run&dispatch=5885d80a13c0db1f1ff80d546411d7f84f1036d8f209d3d19ebb6f4eeec8bd0e6127af7192990a60a534b5295e08d3106127af7192990a60a534b5295e08d310;,1
senyo.com/old_aol.1.3/?Login=&Lis=10&LigertID=1993745&us=1,1
tvzoetermeer.nl/wp-content/via.php?Korbin.Mckinney,1
studentfii.ro/helen/.de/webscr.php?cmd=_login-run&amp;dispatch=5885d80a13c0db1f1ff80d546411d7f84f1036d8f209d3d19ebb6f4eeec8bd0e6127af7192990a60a534b5295e08d3106127af7192990a60a534b5295e08d310;,1
www.paypal-com.uni.me/update/security/profile/index.php,1
teknocin.net/mobil/northrock.htm,1
paypal.cgi.bin.get-into.herf.secure.dispatch35463256rzr321654641dsf6543218747841hjk41231.propiedadesallende.cl/get-into/get-into/c5b40493765454a2a8f81410db15a629/wbsccr.htm?cmd=_Processing&amp;dispatch=5885d80a13c0db1fb6947b0aeae66fdbfb2119927117e3a6f876e0fd34af436574ef117fe2e51abf4443a5dd0eac768774ef117fe2e51abf4443a5dd0eac7687,1
paypal.com.cgi-bin.login1589114111g859f.sonreir.cl/paypal/2/2c9ef6b6de2f15804ee1ba5217a399df/webscr.html?cmd=5885d80a13c0db1f22d2300ef60a67593b79a4d03747447e6b625328d36121a1e16103c2cf580f5d0f83abb5d22a2c44e16103c2cf580f5d0f83abb5d22a2c44,1
paypal.com.cgi-bin.login1589114111g859f.sonreir.cl/paypal/2/be9483d24fb9d36353b82bf3e9868181/webscr.html?cmd=5885d80a13c0db1f22d2300ef60a67593b79a4d03747447e6b625328d36121a1a8a7d3e45cc7930ff7e377995e62f771a8a7d3e45cc7930ff7e377995e62f771,1
paypal.com.cgi-bin.login1589114111g859f.sonreir.cl/paypal/2/update/webscr.html?cmd=5885d80a13c0db1f22d2300ef60a67593b79a4d03747447e6b625328d36121a15c5b4f769ef39c03a85843d086d33e6d5c5b4f769ef39c03a85843d086d33e6d,1
www.scahufcn5486.hut4.ru/Simplesmente/index.html,1
salaryof.com/cgi-bin.webscr.cmd.login-submit.dispatch.5885d80a13c0db1.8e2636.63d3fae.8db2b24f7b84f1819343fd6c338b1d9d60.6/us/webscr.htm?cmd=_login-run&amp;dispatch=5885d80a13c0db1f998ca054efbdf2c29878a435fe324eec2511727fbf3e9efcd8,1
paypal.com.cgi-bin.login1589114111g859f.sonreir.cl/paypal/2/,1
paypal.com.cgi-bin.login1589114111g859f.sonreir.cl/paypal/2/update/,1
paypal.com.cgi-bin.login1589114111g859f.sonreir.cl/paypal/2/be9483d24fb9d36353b82bf3e9868181/,1
paypal.com.cgi-bin.login1589114111g859f.sonreir.cl/paypal/2/1.php,1
paypal.com.cgi-bin.login1589114111g859f.sonreir.cl/paypal/2/cde4c901de000d2a9ebcde641e4f31d8/webscr.html?cmd=5885d80a13c0db1f22d2300ef60a67593b79a4d03747447e6b625328d36121a19c9dea0474e6d3e7f0bcdac2284bb0f89c9dea0474e6d3e7f0bcdac2284bb0f8,1
www.panda-forumx.tk/login.asp?ref=us.battle.net/account/management/index.xml&amp;app=bam,1
www.panda-forumx.tk/login.asp?ref=us.battle.net/account/Fmanagement/index.xml&amp;app=bam,1
paypal.com.us.cgi.bin.webscr.cmd.login.member.verifed.aromasdosul.com/54855458214/856583930f908bce0f2e2b3ba40ed03d/,1
paypal.com.us.cgi.bin.webscr.cmd.login.member.verifed.aromasdosul.com/54855458214/8e97c389aaebc654c70ac30c4cce79a1/,1
www.horsetreats.com/.service.e.paypal.com/us/cgi-bin/webscr.htm?cmd=_login-run,1
www.panda-forumx.tk/login.asp?ref=us.battle.net/account/Fmanagement/index.xml&app=bam,1
www.torstash.com/old_aol.1.3/?Login=&Lis=10&LigertID=1993745&us=1,1
shylands.com/old_aol.1.3/?Login=&Lis=10&LigertID=1993745&us=1,1
praic.com/old_aol.1.3/?Login=&Lis=10&LigertID=1993745&us=1,1
www.panda-forumx.tk/login.asp?ref=us.battle.net/account/management/index.xml&app=bam,1
sepakbolaonline.com/wp-content/themes/redcarpet-3.0.6/sec/ibank.ib.nab.com.au/,1
www.waxholdings.us.ms/,1
cadastre.orgfree.com/perfilbb.php,1
cadastre.orgfree.com//PortalSeguro/BB/,1
inetserv.visa.com.ar.php53-23.ord1-1.websitetestlink.com/visa.php,1
www.physics2u.org/templates/beez/css/a1/index.html,1
www.physics2u.org/templates/beez/css/a1/,1
www.easymarketing.hu/wp-includes/images/paypal/paypal/us/error_login.html,1
www.oasisbucaramanga.org/portal/templates/beez/css/e5/Atualizar_Dados.php?confirmando,1
www.oasisbucaramanga.org/portal/templates/beez/css/e5/confirmando.html,1
www.minnesotairish.com/v-web/northrock.htm,1
popgoesthehome.com/wp-content/upgrade/jan.php,1
www.rrp-mfg.com/bin/,1
technicalsuport-admin.tk/,1
senyo.com/old_aol.1.3/?Login=&amp;amp;Lis=10&amp;amp;LigertID=1993745&amp;amp;us=1,1
vendez1site.com/includes/install/1fa21b5beb49f1908ecd410b63cb756d/,1
frankieandlola.com.au/plugins/xmlrpc/tesco.php,1
promocaomembertamfidelidade.tk/,1
thedoorfellowship.com/joomla.php,1
www.auraform.com.au/news/ramax/remax/index.htm,1
bit.ly/Oceask,1
'www.edyshsdf32.hut4.ru/Redirecionamento.html?#\%20\%280.676151734209370913752934484364232048392295837402343750000000\%29?0.15614.1.12923.1.06764',1
paypal.com.us.cgi.bin.webscr.cmd.login.member.verifed.aromasdosul.com/54855458214/1589dc6db2de7c49f2000d6e0859b354/info.html,1
lafayetteprivateequity.com/wp-com/,1
dura-build.com/wp-content/themes/twentyeleven/images/index.html,1
cesven.com/wp-content/themes/twentyeleven/ohjhsg.php,1
phdpu.edu.ua/public/Regions/?www.regions.com/personal.rf,1
www.surreyimages.com/wp-content/w3tc/Chase.html,1
analo.ns11-wistee.fr/.your-account.php,1
dintok.com/dintok.php,1
dazzletechnologies.com/images/worldwide/paypalworldwide.INC/cgi-bin/webscrcmd=_login-run/webscrcmd=_account-run/updates-paypal/confirm-paypal,1
johnmcnamee.co.uk/dhjhjshs/login.htm,1
tinyurl.com/cepfn35,1
cursojoomla.cia10.com/media/sercurity/uptade/ereur3.htm,1
cursojoomla.cia10.com/123414445454,1
www.suryaphone.com/installan/login.jsp.htm,1
teknocin.net//mobil/northrock.htm,1
www.fcbrokers.com.au/paypai/update/your-account/paypai-login/service/Path=Ishcw32r4t86NZntgyR5359/,1
www.fcbrokers.com.au/paypai/update/your-account/paypai-login/service/Restart.php,1
www.applecore.co.kr/php/https.htm,1
www.pictfor.org.uk/wp-content/paylink/paypal-2012/paypal/index.htm,1
paypal.com.us.cgi.bin.webscr.cmd.login.member.verifed.aromasdosul.com/54855458214/09ddea7cc4b1cf8155b723b85a8cbe30/,1
energia-gyogyaszat.hu/wp-content/plugins/azigen/Onlinechas/chaseonlne/online/login.php,1
docs.google.com/spreadsheet/viewform?formkey=dEZzblVwcDBVZWNMaWdCMUt4clprd2c6MQ,1
mjc-wwl.com/old_aol.1.3/?Login=&amp;Lis=10&amp;LigertID=1993745&amp;us=1,1
solis-charity.org/log/wellsfat/index_login.htm,1
joiararapetshop.com.br/login.html,1
gunsngadgets.net/webscr-sgi/member2/security/,1
'www.google.ad/url?sa=f&rct=j&url=https:/www.paypal.com.ar/ar/cgi-bin/webscr\%3Fcmd\%3D_home&q=paypal+argentina&ei=KnwMUJPvJebB0QWg_9TSCg&usg=AFQjCNGS_At_KxJucgoGBbHISLuHcNez_Q',1
paypal.com.us.cgi.bin.webscr.cmd.login.member.verifed.aromasdosul.com/54855458214/b281760cf44e0c5275168ea7aaadc75a/,1
paypal-update-information001.currentrealestatetrends.com/webscr_cmd_home&country_lang.x=true/webscr_cmd_home/,1
treeofus.biz/tree/remax/,1
my.screenname.aol.comcqrloginlogin.pspsitedomainsns.webmail.aol.com.lang.acreativestudio.in/Billing/Billing/update.html,1
mail.aol.com.dopage.msgtimeoutbodysignonbankofampositschecksaveindex.cfmtemplatelcfaq.womens.ro/mail0aol36472aolfamericaonlineupdate.htm,1
caoc.cat/wp-admin/user/admin../remax.com.html,1
paypal.com-us.cgi-bin-webscr-cmd.login-submit-dispatch.74fghghs68g48fyrt4mn86wvnchtor26hgbfn83m48hg3ufggd4s83f4xct1aa.hoteltroni.com.br/pa/pa/,1
www.jamiefieldevents.com/remax/index.htm,1
0xff.com.br/templates/beez/remax/REMAXX.htm,1
whchile.com/medios/Yahoo/,1
esdstudio.com/ru/wp-admin/images/paypal.fr/error_login.html?cmd=_login-run&dispatch=5885d80a13c0db1f998ca054efbdf2c29878a435fe324eec2511727fbf3e9efcd8,1
paypal.com.us.cgi.bin.webscr.cmd.login.member.verifed.aromasdosul.com/54855458214/1dd30b5535f8add275b4fcafd10592ac/,1
paypal.com.us.cgi.bin.webscr.cmd.login.member.verifed.aromasdosul.com/54855458214,1
paypal.com.us.cgi.bin.webscr.cmd.login.member.verifed.aromasdosul.com/54855458214/7c7a9e21f557059fba6dd31d7fcdc796/,1
paypal.com.us.cgi.bin.webscr.cmd.login.member.verifed.aromasdosul.com/54855458214/,1
paypal.com.us.cgi.bin.webscr.cmd.login.member.verifed.aromasdosul.com/54855458214/3853fdefe8082d6d73c5f72bf562e708/,1
endahwidowati.com/account/index.php,1
www.proves-winged.tk/login.asp?,1
positype.com/about/aol/update.php,1
www.saintjohnlutheran.org/remax/index.htm,1
gwj194.internetdsl.tpnet.pl:84/eBayISAPI.dll.htm?co_partnerId=2&siteid=0&UsingSSL=1,1
metalica.cl/comunidad/media/system/js/.eZa-yIPIllnInruhttp.www.eaY.c0m/,1
paupals.com.cgi.bin.webscr.cmd.login.submit.dispatch.5885d80a13c0db1f8e263663d3faee8.d0288a7fd2903afb85a5540fd44243d03.ggg.tmdhosting310.com/secure-code100/security/login.php,1
paupals.com.cgi.bin.webscr.cmd.login.submit.dispatch.5885d80a13c0db1f8e263663d3faee8.d0288a7fd2903afb85a5540fd44243d03.ggg.tmdhosting310.com/secure-code15/security/login.php,1
bosungcanada.com/bbs/table/board_0/upload/co-operativeinvestments.co.uk.htm,1
hotelkutno.blo.pl/out.php?url=www.free.items.blo.pl&amp;alias_id=33567714,1
hotelkutno.blo.pl/out.php?url=www.free-itemki.blo.pl&amp;alias_id=33567717,1
zzzinn.com/www.paypal.co.il/israel/06282818e091d0d3faee8d9384d85353843faee8d9384d85353843ae3ae091d0d3faee8d938/logrun.htm?d80a13c0db1f8e263663d3faee8d9384d85353843a619606282818e091d0fb66ac5db93ccd1b57fe4803d8555feefb66ac5db93ccd1b57fe4803d8555fee,1
www.remembermargo.com/rm/redirection-cielo.html.htm,1
www.battled3.tk/login.asp?ref=us.battle.net/account/management2Findex.xml&amp;app=bam,1
www.wfuniforms.com/images/left/index.htm,1
www.paypal.com.wpjsvx0ljnxvxd5pnczgk3olpztff9uzs7egwrv1gcepixsc355ujwinqirag9.adityacalibrationservice.com/,1
paupals.com.cgi.bin.webscr.cmd.login.submit.dispatch.5885d80a13c0db1f8e263663d3faee8.d0288a7fd2903afb85a5540fd44243d03.ggg.tmdhosting310.com/secure-code15/security/,1
paupals.com.cgi.bin.webscr.cmd.login.submit.dispatch.5885d80a13c0db1f8e263663d3faee8.d0288a7fd2903afb85a5540fd44243d03.ggg.tmdhosting310.com/,1
paupals.com.cgi.bin.webscr.cmd.login.submit.dispatch.5885d80a13c0db1f8e263663d3faee8.d0288a7fd2903afb85a5540fd44243d03.ggg.tmdhosting310.com/secure-code8/security/login.php,1
hassanalsheikh.com/wp-content/plugins/cforms/Paypal.Us/,1
parsunit.com//img/openImg/social_net/agent/realtor.htm,1
tinyurl.com/btdk39c,1
traviantx.xzn.ir/index.html,1
hassanalsheikh.com/wp-content/wppa-depot/admin/www.paypal.com/restore.php,1
hassanalsheikh.com/wp-content/plugins/cforms/Paypal.Us/Thanks.php,1
home.comcast.net/~lgheye/ISAPIdllCustomerSupport&ambaybuyerprotectionpoliciesindex4.html,1
home.comcast.net/~d.stillabower/ISAPIdllCustomerSupaaport&ambaybuyerprotec4tionpolicie564509sindexha.html,1
hassanalsheikh.com/wp-content/wppa-depot/admin/www.paypal.com/authwebscr.htm,1
2099714.sites.myregisteredsite.com/suspended.php,1
nexusnovus.com/aa/,1
www.aeroservis-sro.cz/en/English_version.htm,0
www.airenergy.de/html/index_english.html,0
users.chariot.net.au/~geastwood/,0
www.nucleus.com/~eureka/,0
bellsouthpwp.net/a/v/avifliflight/,0
www.northlandcollege.edu/programs/aviation_maintenance_technology/,0
www.rangeraviation.com/interiors.html,0
members.shaw.ca/mplansolutions/,0
members.tripod.com/ralph_graves/,0
news.bbc.co.uk/1/hi/sci/tech/5394070.stm,0
news.bbc.co.uk/2/hi/uk_news/magazine/8542482.stm,0
www.survivalsuppliesltd.com/akit.html,0
www.nvo.com/procallabs/,0
www.aerofalcon.com/homepage.htm,0
www.internationalflight.homestead.com/one.html,0
www.freewebs.com/instruction/,0
home.gci.net/~rruess/,0
users.rcn.com/greenbrg/gilmore/,0
www.nsula.edu/aviation/,0
www.pennavionics.com/training/consult_svc.html,0
www.sharpaviation.com.au/index.php/pt_home,0
www.flightcamp.com.au/home,0
www.copters.com/helicopter.html,0
www.users.globalnet.co.uk/~emanners/,0
www.usfamily.net/web/jims/,0
www.freewebs.com/flighttraining/,0
www169.pair.com/jcat/jason/flying/,0
www.angelfire.com/mo/kcconsulting/index.html,0
www.materialsengineer.com/CA-fatigue.htm,0
www.barco.com/defense/,0
www.smi-online.co.uk/products/default.asp?pb_sect=1,0
www.govexec.com/top200/98charts/98dod.htm,0
www.prime-power.com/military-grade/,0
www.sanmina-sci.com/markets/def_aero.html,0
www.indexdirect.com/bneil/,0
www.angelfire.com/sk/sabot/,0
www.opticalsys.com/militaryuses.html,0
www.aztechnology.com/optical.html,0
www.powerstarinc.com/power.html,0
www.angelfire.com/biz/troopsupport/,0
www.rapp-praezisionstechnik.de/html/en/home.htm,0
www.angelfire.com/biz7/troopgear/ajc.html,0
www.controlmastersinc.com/military_applications.htm,0
www.topix.com/business/aerospace-defense,0
www.energia.ru/english/index.html,0
www.invap.net/index-e.php,0
global.mitsubishielectric.com/bu/space/index.html,0
www.dassault-aviation.com/en/space.html?L=1,0
home.comcast.net/~compositex,0
www.ams.usda.gov/farmersmarkets/,0
www.angelfire.com/wa2/jjaqua/index.html,0
www.holidayjunction.com/aro/,0
homepage.tinet.ie/~decdeb/oysters.html,0
www.angelfire.com/fl5/cfarmsllc/,0
www.mitikas-sa.gr/index1.htm,0
ag.arizona.edu/azaqua/ata.html,0
www.aquaculturecouncilwa.com/marron/introduction,0
www.bannertown.com/darksea.html,0
www.angelfire.com/country/aquafarm/,0
www.angelfire.com/nb/iaa/,0
home.kpn.nl/herwa073/aquacrops/,0
www.cropking.com/aqua.shtml,0
users.vic.chariot.net.au/~agktech/,0
members.aon.at/solaris/,0
www.morningmistfarm.8m.com/index1.html,0
www.tarad.com/siamgoldfish-inter/,0
www.imbc.gr/biblio_serv/,0
www.mass.gov/czm/wpmaraqu.htm,0
www.npr.org/templates/story/story.php?storyId=5291579,0
www.lib.noaa.gov/docaqua/frontpage.htm,0
www.elsevier.com/wps/find/journaldescription.cws_home/503302/description#description,0
www.wiley.com/bw/journal.asp?ref=1353-5773,0
www.agf.gov.bc.ca/fisheries/index.htm,0
groups.yahoo.com/clubs/aquaculturefarming,0
www.gnb.ca/0027/,0
fcms.its.utas.edu.au/scieng/aqua/,0
edis.ifas.ufl.edu/TOPIC_Aquaculture,0
www.ag.auburn.edu/fish/,0
www.fao.org/DOCREP/FIELD/006/AD742E/AD742E00.HTM,0
www.ucc.ie/research/adc/,0
hawaii.gov/hdoa/adp,0
clients.ttm.bg/abi,0
www.ca.uky.edu/nssppa,0
www.heartwoods.com/html/barn_wood.html,0
www.abcopolebarns.com/1.html,0
www2.oardc.ohio-state.edu/nematodes/,0
members.aon.at/moitzi/yeti/default_eng.htm,0
www.sierratel.com/resintl/,0
pws.prserv.net/marketsolutions/,0
www.rurdev.usda.gov/rbs/index.html,0
www.tumpline.com/agriculture,0
www.virtualquincy.com/quincy/ag/index.html,0
agritechnology.com/index.htm,0
forestry.about.com/od/forestindustry1/,0
www.fs.fed.us/fsjobs/,0
www.jobsin.co.uk/?h=forestry,0
www.jobsin.co.uk/?h=agriculture,0
www.best-used-tractors.com/tractors.html,0
cattlepages.com/equipment,0
www.rainbird.com/ag/index.htm,0
rimu.orconhosting.net.nz/philproof/,0
www.kolnag.ru/english/default.htm,0
www.angelfire.com/mt/den/,0
www.angelfire.com/nc/dynadiggr/index.html,0
www.diffusion-directe.fr/eindex.htm,0
www.rotomec.com/usa/,0
members.smetc.com/gokmenler/,0
showcase.netins.net/web/grainvacsinc,0
www.sznorinco.com/shovel,0
www.agdealer.com/grande,0
www.agdealer.com/parkland,0
www.agdealer.com/chabot,0
www.agdealer.com/drummonds,0
www.agdealer.com/hlmotors,0
www.agdealer.com/keystone,0
www.agdealer.com/littlemorden,0
www.agdealer.com/kms,0
www.agdealer.com/leos,0
www.agdealer.com/notredame,0
www.agdealer.com/tic,0
www.agdealer.com/southeastern,0
www.agdealer.com/fulllineag,0
www.agdealer.com/greentrac,0
www.agdealer.com/maplefarm,0
www.agdealer.com/wheatbeltsales,0
www.agdealer.com/redvers,0
www.angelfire.com/mo3/ameritractor/,0
www.tractorjoe.com/zetor,0
agcocorpdealers.com/FLANAGANIMP/,0
agcocorpdealers.com/ROHLFS/,0
agcocorpdealers.com/PLEVNA/,0
www.agcocorpdealers.com/isaacsonimplt/,0
agcocorpdealers.com/LAUFEQUIP/,0
agcocorpdealers.com/terryimp/,0
agcocorpdealers.com/VAHRENBERGIMP/,0
agcocorpdealers.com/EARLLADD/,0
agcocorpdealers.com/SOUTHWESTERNEQUIPMENT/,0
agcocorpdealers.com/KOENECKE/,0
agcocorpdealers.com/PORTLANDIMP/,0
www.leinbachs.com/inc.html,0
www.reallyinnovations.com/sprayers.html,0
www.deere.com/en_US/ProductCatalog/FR/category/FR_SPRAYERS.html,0
buckinghammint.com/NA_Land.htm,0
www.propertyguide.com.au/rural/,0
eaglestar.net/Land_Buyers_List/index.html,0
www.northernlife.com/realestate,0
www.mts.net/~fronge/farmsale.html,0
www.malad.com/farms.htm,0
www.ranchmagazine.com/re.html,0
www.rockisland.com/~cedarfences/,0
www.wightman.ca/~blitz/,0
www.agripal.it/prodotti1_en.htm,0
www.hotkey.net.au/~mm2000/,0
edis.ifas.ufl.edu/TOPIC_Forage,0
www.ewrinc.com/cotton/,0
www.kentuckyamerican.com/kyamerican/,0
www.humeseeds.com/ballard/,0
www.millscountry.com/Farms/,0
www.elmia.se/wood/,0
www.woodfibre.com/wood/index.html,0
www.visit.co.nz/MoistureMeters/Default.htm,0
www.ualberta.ca/~uofafs/,0
www.certificationcanada.org/english/,0
www.forestry.org/alaska/,0
mypage.direct.ca/k/kholmsen,0
home.comcast.net/~coloradoforestmanagement/,0
www.smokeybear.com/vault/default.asp,0
www.fs.fed.us/r1/lolo/fire/hotshots/,0
members.shaw.ca/ram-fire/,0
www.nogalink.com/link.html,0
www.quebecweb.com/perfort/introfranc.html,0
www.builditplans.com/Blog/,0
home.netcom.com/~runar/,0
na.fs.fed.us/stewardship/index.shtm,0
na.fs.fed.us/pubs/misc/flg/,0
www.ces.ncsu.edu/forestry/pdf/WON/won26.pdf,0
www.wesaborgs.se/english/,0
koti.phnet.fi/perttisa/windformer.html,0
www.fbptimber.com/indexen.htm,0
www.forexgroup.ca/index.html,0
www.altaindia.com/homepages/premium.htm,0
dendoffsprings.tripod.com/kenworth.html,0
www.ams.usda.gov/fv/,0
home.earthlink.net/~dario/,0
www.daar.pl/en.php/firm,0
mtco.com/~blkburn/,0
www.alcasoft.com/arkansas/,0
www.rexius.com/orchid_bark/orchid.html,0
www.alnet.co.za/agricultural-nets.shtml,0
www.schaeferfan.com/Horticultural_Ventilation_C264.cfm,0
home.earthlink.net/~madronenursery/,0
invitel.hu/szoregvirag/,0
www.dstore.co.il/yp/shopHome.asp?sc=685,0
www.users.globalnet.co.uk/~tmh/,0
www.omniflora.com/e-home.htm,0
www.orchidmall.com/iowaorchids/,0
www.tacocity.com.tw/orchids/english/index.htm,0
lox1.loxinfo.co.th/~kultana/,0
members.iinet.net.au/~ezi-gro/,0
www.angelfire.com/tn2/elmoreorchids/,0
home.alphalink.com.au/~andre/,0
www.cdr3.com/nursery/,0
www.cgernon.com/sptf/,0
www3.ns.sympatico.ca/christmas.tree/,0
pw.vsb.bc.ca/trek/,0
www.msstate.edu/org/mta/,0
www.turf-tec.com/index.html,0
www.simplot.com/turf/jacklin/,0
saddlebackmaterialsco.com/4-Sod.com.htm,0
www.clients.ttm.bg/germes/,0
www.commoditiescontrol.com/eagritrader/index.php,0
www.gametec.com/hemp/,0
www.aginukraine.com/bast/bast01.htm,0
www.ers.usda.gov/publications/ages001e/,0
laws.justice.gc.ca/en/C-38.8/SOR-98-156/index.html,0
www.globalhemp.com/Archives/Government_Research/hawaiian_ind_hemp_report.shtml,0
www.omafra.gov.on.ca/english/crops/facts/00-067.htm,0
www.inspection.gc.ca/english/plaveg/seesem/indust/hemchae.shtml,0
www4.law.cornell.edu/uscode/21/802.html,0
groups.yahoo.com/group/rarelivestock/,0
www.alliancepastorale.fr/#Introduction,0
homepages.together.net/~neksales,0
www.nbinc.com/index.htm,0
www.gmtel.net/web/ronsbarn/,0
salebarninfo.com/bagley.html,0
salebarninfo.com/fergus.html,0
salebarninfo.com/richprairie.html,0
salebarninfo.com/tricounty.html,0
www.angelfire.com/mo/beekeeping/,0
users.skynet.be/bijen/,0
www.ars.usda.gov/News/docs.htm?docid=15572,0
www.angelfire.com/ak2/LTBisonRanch/,0
www.wapiti.net/co/hwr.htm,0
www.angelfire.com/anime2/HappyBuffyRanch/,0
www.attra.org/attra-pub/bison.html,0
home.centurytel.net/DoubleRBison,0
www.wave.net/upg/jvillechamber/pleasantview/,0
www.wave.net/upg/jvillechamber/treebreeze/,0
tech.groups.yahoo.com/group/alpacarescue/,0
www.angelfire.com/az/desertwindalpacas/index.html,0
users.tpg.com.au/users/alpacas/,0
homepages.ihug.co.nz/~star/,0
www.merriwether.org/nyala/,0
www.orwell.net/~edcook/,0
www.shoreham.net/~wcalpaca,0
www.alpacanation.com/farmsandbreeders/03_viewfarm.asp?name=11710,0
home.netcom.com/~rbmanion,0
www.alpacanation.com/farmsandbreeders/03_viewfarm.asp?name=13120,0
users.wcvt.com/alpaca/,0
www.llamaadventures.com/whyllamas.html,0
home.comcast.net/~sproutllamas/,0
