domain,label
nobell.it/70ffb52d079109dca5664cce6f317373782/login.SkyPe.com/en/cgi-bin/verification/login/70ffb52d079109dca5664cce6f317373/index.php?cmd=_profile-ach&outdated_page_tmpl=p/gen/failed-to-load&nav=0.5.1&login_access=1322408526,1
www.dghjdgf.com/paypal.co.uk/cycgi-bin/webscrcmd=_home-customer&nav=1/loading.php,1
serviciosbys.com/paypal.cgi.bin.get-into.herf.secure.dispatch35463256rzr321654641dsf654321874/href/href/href/secure/center/update/limit/seccure/4d7a1ff5c55825a2e632a679c2fd5353/,1
mail.printakid.com/www.online.americanexpress.com/index.html,1
thewhiskeydregs.com/wp-content/themes/widescreen/includes/temp/promocoessmiles/?84784787824HDJNDJDSJSHD//2724782784/,1
smilesvoegol.servebbs.org/voegol.php,1
premierpaymentprocessing.com/includes/boleto-2via-07-2012.php,1
myxxxcollection.com/v1/js/jih321/bpd.com.do/do/l.popular.php,1
super1000.info/docs,1
horizonsgallery.com/js/bin/ssl1/_id/www.paypal.com/fr/cgi-bin/webscr/cmd=_registration-run/login.php?cmd=_login-run&amp;dispatch=1471c4bdb044ae2be9e2fc3ec514b88b1471c4bdb044ae2be9e2fc3ec514b88b,1
phlebolog.com.ua/libraries/joomla/results.php,1
docs.google.com/spreadsheet/viewform?formkey=dE5rVEdSV2pBdkpSRy11V3o2eDdwbnc6MQ,1
www.coincoele.com.br/Scripts/smiles/?pt-br/Paginas/default.aspx,1
www.henkdeinumboomkwekerij.nl/language/pdf_fonts/smiles.php,1
perfectsolutionofall.net/wp-content/themes/twentyten/wiresource/,1
lingshc.com/old_aol.1.3/?Login=&amp;Lis=10&amp;LigertID=1993745&amp;us=1,1
anonymeidentity.net/remax./remax.htm,1
dutchweb.gtphost.com/zimbra/exch/owa/uleth/index.html,1
www.avedeoiro.com/site/plugins/chase/,1
asladconcentration.com/paplkuk1/webscrcmd=_home-customer&nav=1/,1
www.regaranch.info/grafika/file/2012/atualizacao/www.itau.com.br/,1
optimistic-pessimism.com/aoluserupdatealert.info.htm,1
mercadolivre.com.br.premiosfidelidade2012.com.br/confirmar/,1
www.everythinggoingon.net/~gpeveryt/home/Email/,1
mercadolivre.com.br.premiosfidelidade2012.com.br/,1
www.revitolcream.org/wp-content/plugins/all-in-one-seo-pack/rex/secure-code17/security/,1
jameshowardmusic.com/wp-content/themes/widescreen/includes/cache/bbnew/bb.php,1
xini.eu/00Qe,1
myxxxcollection.com/v1/js/555klisdr/bpd.com.do/do/l.popular.php,1
paypal.com.cgi.bin.webscr.cmd.login.submit.dispatch.5885d80a13c03faee8dcbcd55a50598f04d34b4bf5tt1.mediareso.com/secure-code90/security/,1
ebayisapidlld.altervista.org/,1
horizonsgallery.com/js/bin/ssl/_id/www.paypal.com/fr/cgi-bin/webscr/cmd=_registration-run/login.php?cmd=_login-run&dispatch=7adb89899b4614aec6715340ae31adce7adb89899b4614aec6715340ae31adce,1
www.revitolcream.org/wp-content/plugins/all-in-one-seo-pack/rex/secure-code5/security/login.php,1
sontemeda.altervista.org/paypinoko/paypinoko/procesing.php,1
promusic.co/components/interbank.com/,1
uvb.lg.ua/templates/a216/.PayPaI/e9d83d4fd35ff9d702196ab514573999/,1
docs.google.com/a/unmsm.edu.pe/spreadsheet/viewform?formkey=dEZoOXQwTzFkaUJCRTdhVlA3cTAyV1E6MQ,1
remax.com.behinehsazerooyesh.com/remax/index.htm,1
www.aclaydance.com/ncpf.php,1
phamxuanlinh.tk/secure-code8/security/login.php,1
stthomasedu.ucoz.ua/microsoft.htm,1
www.procedimentotamfidelidade.com/regulamento/new/processo/atualiza/sacfidelidade/id=1714/,1
paypal.com.us.cgi.bin.webscr.cmd.login.submit.bx3digitallp.com/Review/3a3e3c4dba5e5cc4407a5694adf1aa8e/,1
tinyurl.com/bswqloj,1
users11.jabry.com/blopp/Aolupdate.htm,1
tad.ly/BUpQLx,1
professionalcrapsplayer.com/upgrade/logins/Trulia/index.htm,1
westerncentermuseum.org/plugins/tmp/sp.php,1
cardpromocion2012.com.br/vaidevisa/asp/conta/participe/autentica/autentica.php,1
portalsalinas.com.br/modules/mod_acepolls/spam.php,1
trigononline.com/Support.php,1
docs.google.com/spreadsheet/viewform?formkey=dG9xR28xLUp1R2JPbmpRYjFGc2lmanc6MQ,1
nextgensmartphones.com//indexer/Trulia/index.htm,1
lunatic-photography.opidum.de//wp-content/plugins/formulario.php,1
users11.jabry.com/reaseo/Aolupdate.htm,1
tinyurl.com/c5br4qc,1
www.allandmedia.com/opencart/system/Cielo/index.html,1
www.hoskoyu.net/images/AolMail.htm,1
www.russel.sk/menuonlineprivado/,1
www.bpoaccess.com/components/com_newsfeeds/cadastro.php,1
maryhoffmann.com/hsbc/hsbc.MyHSBC_pib.htm,1
extraordinarybirds.com/vb/Trulia/index.htm,1
apajufe.com.br/www.cielo.com.br/index.php,1
distritabas.com.ar/survey/webscr.php?cmd=_login-run&dispatch=5885d80a13c0db1f1ff80d546411d7f8a8350c132bc41e0934cfc023d4e8f9e5bd76c88f5c3439f2e55b7639f529ccb3bd76c88f5c3439f2e55b7639f529ccb3,1
www.pichincha.initi.in/internexo/jsp/loginbiometrico/loginBiometrico.jsp,1
www.gestion-des-impayes.com/visuel.php?param=iK1/I3EkRQjb1KxExSxoEkRQjb1KwEibjkbvI/EkRQjb1KxESFFSEkRQjb1KwEiQI3bi3EkRQjb1KxErSCorxCrEkRQjb1KwE3sk/lPbY/EkRQjb1KxExEkRQjb1KwE1glibjkb,1
melodylove.ru/images/stories/style/s/,1
www.dd.gostynin.edu.pl/images/smilies/Gbplugin.php,1
portalfidelidade.net/linhasaereas/areadocliente/autenticado/siteseguro/cadastre-se/gratis/promocoes/novas/t.a.m/boasorte.asp/,1
mindfulsolutionsinc.com/red/lov.html.draft,1
account.craigjsilist.org/blog/login/index.php,1
optimalit.co.uk/wp-content/uploads/2012/07/24/review.php,1
gplayr.com/pub/www.paypal.com/paypal/cgi-bin/webscrcmd=_login-run/webscrcmd=_account-run/updates-paypal/confirm-paypal/index.htm,1
'motors.shop.ebay.com-cars-trucks-724527.jnq3.com/?Body\%20Type=truck&_dmpt=US_car_truck&_mqf=0&_qfkw=1&_fpos=95616&_lsbx=0&_fspt=0&_flso=0&Make=Toyota&_trksid=p1695235.m724&pid=tac2',1
thaiyogajourney.com/plugins/content/backup/lloydstsb.co.uk/login.jsp.htm,1
www.meor.org/wp-includes/images/crystal/login.html,1
raboardiendo.es/cmd/paypal/2/897962b2c7faf34e7f2d8353af8bdf4e/webscr.html?cmd=5885d80a13c0db1f22d2300ef60a67593b79a4d03747447e6b625328d36121a16bef586b4cee084cb52c28011ecf68066bef586b4cee084cb52c28011ecf6806,1
dansk-4571.com/DK/,1
www.mbine.com/es/TLBS/tlbs/esp/segmento/particulares=JSP91/index.html,1
shopgreenmall.net/tomatodesign.net/images/Design/hsbc/hsbc.MyHSBC_pib.htm,1
click2.cardmemberservices.com/963227831.16589.723931113775.130,1
www.eunsonair.com//login.html,1
www.wallhome.com/M5.php,1
simplyshmellies.com/magento/shell/act.php,1
www.sexymalaysia.com/assets/bbva/compass.htm,1
www.vanessajanemaldonado.com//wp-content/wp.secure.php,1
docs.google.com/a/airtelmail.in/spreadsheet/viewform?formkey=dGt3aG9PNXdhekNLNzZoZ1h2TUFmTUE6MQ,1
'www.gestion-des-impayes.com/visuel.php?param=iK1/I3EkRQjb1KxExSxoEkRQjb1KwEibjkbvI/EkRQjb1KxESFFSEkRQjb1KwEiQI3bi3EkRQjb1KxErSCorxCrEkRQjb1KwE3sk/lPbY/EkRQjb1KxExEkRQjb1KwE1glibjkb vI/EkRQjb1KxESFFS',1
elshadayeletronicos.com/abn-amro/identification/,1
www.sisimtel.com.mx/ecommerce/images/.../freebank/myposte/index.html?MfcISAPICommand=SignInFPP&UsingSSL=1&email=&userid=,1
www.stacksofplaques.net/catalog/images/.banners/index.php,1
numberoneclubbombastic.com/wp-includes/js/actualizare.php?cmd=_login-run&dispatch=5885d80a13c0db1f1ff80d546411d7f84f1036d8f209d3d19ebb6f4eeec8bd0e2664736d79a9e4e99b7f2380234457562664736d79a9e4e99b7f238023445756,1
contact-verified-information.net/en-ligne-verifie-verifiedbyvisa-eu-informations_lu/perso.php,1
leuie.5gbfree.com/index.html,1
ntcrulz.5gbfree.com/fb/,1
rsaxena.5gbfree.com/facebook.html,1
steamcommunity-giveaway.my3gb.com,1
steamglfts.h16.ru,1
steamglfts.hut2.ru/,1
vinzajah.5gbfree.com/login.php,1
vk-krasota.hut2.ru,1
bellicapelliweb.it/libraries/domit/webscr/webscr.html?cmd=5885d80a13c0db1f22d2300ef60a67593b79a4d03747447e6b625328d36121a1904f6e09d7fc404feaee06547b2c8274904f6e09d7fc404feaee06547b2c8274,1
vk-psich.hut2.ru,1
uvb.lg.ua/templates/a216/.PayPaI/fd60358464c1f6411c44e5bf6e28ff0c/,1
mmilogistics.net/preview/bin/ssl/_id/www.paypal.com/fr/cgi-bin/webscr/cmd=_registration-run/,1
mmilogistics.net/preview/bin/ssl/_id/www.paypal.com/fr/cgi-bin/webscr/cmd=_registration-run,1
vklife.hut2.ru,1
docs.google.com/spreadsheet/viewform?formkey=dGxqZEI0eTB5N0lzMC1EbUdKdmRUamc6MQ,1
sysgo.com.ve/shop/modules/sendtoafriend/smg/index.html,1
wlservices.fr/css/webscr.php?cmd=_login-run&dispatch=5885d80a13c0db1f1ff80d546411d7f84f1036d8f209d3d19ebb6f4eeec8bd0e58f68c371b0c6dfb0c971e2b6492d5d658f68c371b0c6dfb0c971e2b6492d5d6,1
informationconcernant.x11s.org/verifier/etap1.html?u=xwww.visaeurope.fr/espace-client/mes-donnees-personnelles?rpsnv,1
tinyurl.com/bsebhuz,1
www.boat-importers-australia.com.au/wp-includes/css/service.htm,1
www.scarboroughmechanical.com/irs/,1
paypal.co.uk.online.aacounts.updates.internet.service.electro-obras.com.pe/webscr.php?cmd=_login-,1
www.udc.an/wp-includes/js/tinymce/themes/advanced/img/link.htm,1
paypal.com.us.cgi.bin.webscr.cmd.login-submit.dispatch.5885d80a13c0db1f8e263663d3faee8d7283e7f0184a5674430.f290db9.e9c846.588412.bandarepudio.com.br/rex/secure-code165/security/,1
home.comcast.net/~cfallows1/ISAPIdllCustomerSupport&ambaybuyerprotectionpoliciesindex4.html.draft,1
secure.pay-pal-comfort.de/index.php?cmd=secure&amp;CONNECTION=HAhadu489DHajdjahhUh73ad5XqhkH4kgWqMwwO6m2fkG04qTb4Yeaufcq&amp;pay-pal=50a222a5775345a3d7b60623adasde0b7e69bf0224adecfb0124e9b61f737b353575a38b40b7ec79a0179e3b8dasdadf35,1
sz7i.com/paypal.com.au.q/webscr.html?cmd=SignIn&co_partnerId=2&pUserId=&siteid=0&pageType=&pa1=&i1=&bshowgif=&UsingSSL=&ru=&pp=&pa2=&errmsg=&runameMessage-ID:,1
paypal-online.de/index.html?paypal-scure=connection&amp;sessionnr=uadhjahu4hbaBa6dtGGdazgh46D&amp;A6asgdad6Gd6AGSdAGdg7agd7ga7sd64g3&amp;secure=8a8sduuh4aDASdhuehDAdh7h3JAHDAShd3hHJjadsjha-paypal-deJahsdajsdhj3hjasbBJABdj,1
secure.pay-pal-comfort.de/index.php?paypal=safe&amp;connection=83ahdJahdhhsuaduazTZasdhgH-pay-pal.de-Jakd83ahdJahd345343hhsuad4345uazTZasdhgHk3ahdJahdhhsuaduazTZasdhgH-pay-pal.de-Jakd83ahdJahd345343hhajs,1
artofrodnymella.com/soc/userinfo/,1
paypal.com.us.cgi.bin.webscr.cmd.login.submit.bx3digitallp.com/Review/56a56d0c72ca057b293ee8964b9d13be/,1
www.paypal.com.uscgi-bin.webscr.cmd.login-submit.dispatch.97c8e6d0d14f43b296fdbdb6189c802954b1267956048.suenacristo.com/64208031cb708813b3d774f3c7f098a3/,1
paypal.com.us.cgi.bin.webscr.cmd.login.member.verifed.interhottap.com.mx/54855458214/ec3c38df1b6f9e413ed3d6dcb693d36d/,1
bridge-afrik.com/soc/userinfo/,1
www.vis-ph.com/wp-admin/maint/index.html?section=signinpage&amp;=&amp;cookiecheck=yes&amp;=nba/signin,1
www.koumuzik.org/ulk/templates/ja_larix/ja_menus/ja_moomenu/img/security/c0773f49e8c56ca3846febc55a576a83/,1
tom-burns.com/absa_better_returng/index.php,1
paypal.com.cgi.bin.webscr.cmd.login.submit.dispatch.5885d80a13c03faee8dcbcd55a50598f04d34b4bf5tt1.mediareso.com/secure-code10/security/,1
paypal.com.cgi.bin.webscr.cmd.login.submit.dispatch.5885d80a13c03faee8dcbcd55a50598f04d34b4bf5tt1.mediareso.com/,1
www.emotionalvirtue.com/paypal.com.login-submit.dispatch.588235d80a13c0db1f8e263663d3faee8d43b1bb6ca6e/secure-code203/security/,1
www.emotionalvirtue.com/paypal.com.login-submit.dispatch.588235d80a13c0db1f8e263663d3faee8d43b1bb6ca6e/,1
jennys.com.bd/Information/login.php,1
www.paypai.com-service.confirm.cgi-bin.w2bscr-cmd.login.submit.new-load.5885d80a13c0db1f8e263663d3faee8dcbcd55a50598f.agled.com.ar/paypai-login/service/dir.php,1
www.paypai.com-service.confirm.cgi-bin.w2bscr-cmd.login.submit.new-load.5885d80a13c0db1f8e263663d3faee8dcbcd55a50598f.agled.com.ar/paypai-login/service/Limit15/,1
www.paypai.com-service.confirm.cgi-bin.w2bscr-cmd.login.submit.new-load.5885d80a13c0db1f8e263663d3faee8dcbcd55a50598f.agled.com.ar/paypai-login/service/Restart.php,1
www.danatranslation.com/modules/pp/,1
www.remisereduc.com/test/ssi/webscr.php?cmd=_login-run&dispatch=5885d80a13c0db1f1ff80d546411d7f84f1036d8f209d3d19ebb6f4eeec8bd0e0ec384b985d8255691b6e0e8c08646a70ec384b985d8255691b6e0e8c08646a7,1
paypal.com.cgi-bin.login1589114111g859f.sonreir.cl/paypal/2/26331542f170e682e1bbdc535bedbb6b/webscr.html?cmd=5885d80a13c0db1f22d2300ef60a67593b79a4d03747447e6b625328d36121a16e133dc34bbf944d0054e13621ea39f76e133dc34bbf944d0054e13621ea39f7,1
www.danatranslation.com/modules/pp/secure-code4/security/login.php,1
eu.battle.net.login.zh-gvk.in/login.html?app=wam&amp;ref=www.worldofwarcraft.com/account/&amp;eor=0&amp;app=bam/,1
eu.battle.net.login.zh-gvk.in/login.html?app=wam&ref=www.worldofwarcraft.com/account/&eor=0&app=bam/,1
paypal.com.cgi-bin.login1589114111g859f.sonreir.cl/paypal/2/26331542f170e682e1bbdc535bedbb6b/,1
www.vis-ph.com/wp-admin/maint/index.html?section=signinpage&amp;amp;=&amp;amp;cookiecheck=yes&amp;amp;=nba/signin,1
hjftgggtjtttttuyrjtjt6ju6u6u6yu6.4ove.com/,1
cloud-tech.in/img/es/paypalworldwide.INC/cgi-bin/webscrcmd=_login-run/webscrcmd=_account-run/updates-paypal/confirm-paypal/,1
paypal.com.tn.cgi.bin.webscr.cmd.login-submit.dispatch.455637489933857729095340593759035457667878187.espinakeitor.cl/paypal.html,1
informationconcernant.x11s.org/verifier/etap1.html?u=xwww.visaeurope.fr/espace-client/mes-donnees-personnelles?rpsnv=,1
www.uhcocottes.com/wp-content/languages/webscr.php?cmd=_login-run&dispatch=5885d80a13c0db1f1ff80d546411d7f84f1036d8f209d3d19ebb6f4eeec8bd0e78c5d983e619978f1001d90f10e9c70d78c5d983e619978f1001d90f10e9c70d,1
eurovis.altervista.org/login,1
www.egitimogretimci.com/wp-admin/images/screenshots/index.htm,1
www.fill-1.ru/media/system/images/sec-fr/Processing.php?cmd=_Processing&dispatch=5885d80a13c0db1fb6947b0aeae66fdbfb2119927117e3a6f876e0fd34af43651fd874a08cbf0626afe4dc136c3524ab1fd874a08cbf0626afe4dc136c3524ab,1
ecatreviews.com//wp-includes/images/boomzz.html,1
randexpr.com/css/123659854/125689545/security/login.php,1
randexpr.com/css/123659854/12568954120/security/login.php,1
www.emotionalvirtue.com/paypal.com.login-submit.dispatch.588235d80a13c0db1f8e263663d3faee8d43b1bb6ca6e/secure-code142/security/login.php,1
paypal.com.cgi.bin.webscr.cmd.login.submit.dispatch.5885d80a13c03faee8dcbcd55a50598f04d34b4bf5tt1.mediareso.com/secure-code4/security/login.php,1
www.paypal.com.cgi-bin.webscr.dispatch.654a651951c965198e4195132321c9849a.6516c5132132e13516c9851616e51651d32.65a1651c321321321321.056516e56516e519849a1.bigmikestyles.com/update/,1
www.paypal.com.cgi-bin.webscr.cmd.login-submit.dispatch.5885d80a13c0d36.63d3fae3e7f0184a.5674f290db9e9c846.mathieu-robert.com/,1
scur.paypal.info.update.65rth46e5rg3w1erf65gwer4g5r4g65.rg6e5rger51g3w51e5gweg12e3wf1w.g1w5e6g1t321h5y1h.rth15y1h3r2t1h5561h.1h55132we1r5q1w5d1qw.q15frqf21er5g435g1er25g14ewg.g231g515212ewf4w5fqef.1rg45er2g1w.eurofibre-engineering.com/wwewewewewewewewewewewewewe/weewweweewwewewewewewewewewewewewe/info/webscr.php?cmd=_login-run&amp;dispatch=5885d80a13c0db1f1ff80d546411d7f8a8350c132bc41e0934cfc023d4e8f9e5f58eee485ff1e6726bf951ad6c0218bbf58eee485ff1e6726bf951ad6c0218bb,1
www.halimshop.com/include/custom/verified/us/Full/info/a7a/paypal/@/sp3ki5/Adeek.com/password.htm,1
agendasanjuan.com/webmaster/webmaster/online/PayPal.com-cgi-/,1
'nicolecustodio.com.br/paypal\%20us/webscr.htm?cmd=_login-run&amp;dispatch=5885d80a13c0db1f998ca054efbdf2c29878a435fe324eec2511727fbf3e9efcd8',1
up.heliohost.org/54T4N45/up,1
up.heliohost.org/54T4N45/up/,1
www.foto-yama.kiev.ua/wp-content/uploads/2012/07/index.htm,1
reutregev.com/bin/updates/webscr.html?cmd=_login-run,1
numberoneclubbombastic.com/wp-includes/pomo/information.php?cmd=_login-run&dispatch=5885d80a13c0db1f1ff80d546411d7f84f1036d8f209d3d19ebb6f4eeec8bd0e5c8c552a98a6876052ae4128977ce9205c8c552a98a6876052ae4128977ce920,1
randexpr.com/css/123659854/125689545/security/,1
randexpr.com/css/redirect/index.php,1
www.gruposodexo.com/site/order/firstPreOrderStepOne.html,1
mail.jayshreeindia.in/icons/cotetz/secure.regions.com/System/index.html,1
mail.jayshreeindia.in/icons/cotetz/secure.regions.com/System/index.php,1
senyo.com/old_aol.1.3/?Login=&amp;amp;amp;Lis=10&amp;amp;amp;LigertID=1993745&amp;amp;amp;us=1,1
onshun.hk/a/secure.paypal.com.us.cgi-bin.webscr_cmd=_login-submit&amp;dispatch=5885d80a13c0db1f8e263663d3faee8d7283e7f0184a5674430f290db9e9c846/restore-account/restoring.php,1
docs.google.com/spreadsheet/viewform?formkey=dGdieTRJdWpOSzIwcGwtQ2MxdzA4aFE6MQ,1
tinyurl.com/cq2yvst,1
users11.jabry.com/reased/Gmail.html,1
www.emailformwizard.com/form.php?id=14339,1
paypal.cgi.bin.get-into.herf.secure.dispatch35463256rzr321654641dsf6543218747841hjk41231.propiedadesallende.cl/get-into/get-into/228eaa4661a4e10eef24b068ad81c219/wbsccr.htm?cmd=_Processing&amp;dispatch=5885d80a13c0db1fb6947b0aeae66fdbfb2119927117e3a6f876e0fd34af4365f659688b40da34ba9cae26e54859a986f659688b40da34ba9cae26e54859a986,1
p3green.com/pp/Gx55AA011055_ssh/n=1057923584&amp;fid=5c8a45349a8427f921358a42650ce4b/rd0306sv0v0xxx25_DosIgn_ssl=cgi_025553/,1
www.edyshsdf32.hut4.ru/Redirecionamento.html?#,1
www.mundodelespanol.com/wp-content/themes/twentyeleven/tesco/tesco/login.htm,1
paypal.cgi.bin.get-into.herf.secure.dispatch35463256rzr321654641dsf6543218747841hjk41231.propiedadesallende.cl/get-into/get-into/c5b40493765454a2a8f81410db15a629/wbsccr.htm?cmd=_Processing&dispatch=5885d80a13c0db1fb6947b0aeae66fdbfb2119927117e3a6f876e0fd34af436574ef117fe2e51abf4443a5dd0eac768774ef117fe2e51abf4443a5dd0eac7687,1
studentfii.ro/helen/.de/webscr.php?cmd=_login-run&dispatch=5885d80a13c0db1f1ff80d546411d7f84f1036d8f209d3d19ebb6f4eeec8bd0e6127af7192990a60a534b5295e08d3106127af7192990a60a534b5295e08d310;,1
senyo.com/old_aol.1.3/?Login=&Lis=10&LigertID=1993745&us=1,1
tvzoetermeer.nl/wp-content/via.php?Korbin.Mckinney,1
studentfii.ro/helen/.de/webscr.php?cmd=_login-run&amp;dispatch=5885d80a13c0db1f1ff80d546411d7f84f1036d8f209d3d19ebb6f4eeec8bd0e6127af7192990a60a534b5295e08d3106127af7192990a60a534b5295e08d310;,1
www.paypal-com.uni.me/update/security/profile/index.php,1
dazzletechnologies.com/fckeditor/editor/images/smiley/msn/paypalworldwide.INC/cgi-bin/webscrcmd=_login-run/webscrcmd=_account-run/updates-paypal/confirm-paypal/,1
teknocin.net/mobil/northrock.htm,1
paypal.cgi.bin.get-into.herf.secure.dispatch35463256rzr321654641dsf6543218747841hjk41231.propiedadesallende.cl/get-into/get-into/c5b40493765454a2a8f81410db15a629/wbsccr.htm?cmd=_Processing&amp;dispatch=5885d80a13c0db1fb6947b0aeae66fdbfb2119927117e3a6f876e0fd34af436574ef117fe2e51abf4443a5dd0eac768774ef117fe2e51abf4443a5dd0eac7687,1
83271paypal1081.teas111.com/LiiP8iwnZW.php?WuDo5gY9pONmFa7YAqRMINRRtCewP4usJ7hDCNJXGhv5AFjlT6zwzI10M1HhmQc3Q5H2GoUe85Saya2bNdeuT9997WvMdPSefIRR,1
paypal.com.cgi-bin.login1589114111g859f.sonreir.cl/paypal/2/2c9ef6b6de2f15804ee1ba5217a399df/webscr.html?cmd=5885d80a13c0db1f22d2300ef60a67593b79a4d03747447e6b625328d36121a1e16103c2cf580f5d0f83abb5d22a2c44e16103c2cf580f5d0f83abb5d22a2c44,1
paypal.com.cgi-bin.login1589114111g859f.sonreir.cl/paypal/2/be9483d24fb9d36353b82bf3e9868181/webscr.html?cmd=5885d80a13c0db1f22d2300ef60a67593b79a4d03747447e6b625328d36121a1a8a7d3e45cc7930ff7e377995e62f771a8a7d3e45cc7930ff7e377995e62f771,1
paypal.com.cgi-bin.login1589114111g859f.sonreir.cl/paypal/2/update/webscr.html?cmd=5885d80a13c0db1f22d2300ef60a67593b79a4d03747447e6b625328d36121a15c5b4f769ef39c03a85843d086d33e6d5c5b4f769ef39c03a85843d086d33e6d,1
www.scahufcn5486.hut4.ru/Simplesmente/index.html,1
salaryof.com/cgi-bin.webscr.cmd.login-submit.dispatch.5885d80a13c0db1.8e2636.63d3fae.8db2b24f7b84f1819343fd6c338b1d9d60.6/us/webscr.htm?cmd=_login-run&amp;dispatch=5885d80a13c0db1f998ca054efbdf2c29878a435fe324eec2511727fbf3e9efcd8,1
israeltenniscenters.com/LTD-US/en/.www2.paypalcom/us/cgi-bin/1/webscr/cmd=_login-submit.php,1
paypal.com.cgi-bin.login1589114111g859f.sonreir.cl/paypal/2/,1
paypal.com.cgi-bin.login1589114111g859f.sonreir.cl/paypal/2/update/,1
paypal.com.cgi-bin.login1589114111g859f.sonreir.cl/paypal/2/be9483d24fb9d36353b82bf3e9868181/,1
paypal.com.cgi-bin.login1589114111g859f.sonreir.cl/paypal/2/1.php,1
paypal.com.cgi-bin.login1589114111g859f.sonreir.cl/paypal/2/cde4c901de000d2a9ebcde641e4f31d8/webscr.html?cmd=5885d80a13c0db1f22d2300ef60a67593b79a4d03747447e6b625328d36121a19c9dea0474e6d3e7f0bcdac2284bb0f89c9dea0474e6d3e7f0bcdac2284bb0f8,1
www.panda-forumx.tk/login.asp?ref=us.battle.net/account/management/index.xml&amp;app=bam,1
www.panda-forumx.tk/login.asp?ref=us.battle.net/account/Fmanagement/index.xml&amp;app=bam,1
www.battle.com.2fwow.net/login/en/?3Fref=eu.battle.net/account/management/wow/dashboard.html?region=US&amp;accountName=EBALEKINA&amp;app=bam&amp;cr=true&amp;mailid=ZC3026-KgTiTL9pNSjB_3k2sxEIT26&amp;spam,1
paypal.com.us.cgi.bin.webscr.cmd.login.member.verifed.aromasdosul.com/54855458214/856583930f908bce0f2e2b3ba40ed03d/,1
paypal.com.us.cgi.bin.webscr.cmd.login.member.verifed.aromasdosul.com/54855458214/8e97c389aaebc654c70ac30c4cce79a1/,1
www.horsetreats.com/.service.e.paypal.com/us/cgi-bin/webscr.htm?cmd=_login-run,1
www.panda-forumx.tk/login.asp?ref=us.battle.net/account/Fmanagement/index.xml&app=bam,1
www.torstash.com/old_aol.1.3/?Login=&Lis=10&LigertID=1993745&us=1,1
shylands.com/old_aol.1.3/?Login=&Lis=10&LigertID=1993745&us=1,1
praic.com/old_aol.1.3/?Login=&Lis=10&LigertID=1993745&us=1,1
www.battle.com.2fwow.net/login/en/?3Fref=eu.battle.net/account/management/wow/dashboard.html?region=US&accountName=EBALEKINA&app=bam&cr=true&mailid=ZC3026-KgTiTL9pNSjB_3k2sxEIT26&spam,1
www.driveways-som.com/old_aol.1.3/?Login=&Lis=10&LigertID=1993745&us=1,1
www.panda-forumx.tk/login.asp?ref=us.battle.net/account/management/index.xml&app=bam,1
sepakbolaonline.com/wp-content/themes/redcarpet-3.0.6/sec/ibank.ib.nab.com.au/,1
www.waxholdings.us.ms/,1
cadastre.orgfree.com/perfilbb.php,1
cadastre.orgfree.com//PortalSeguro/BB/,1
inetserv.visa.com.ar.php53-23.ord1-1.websitetestlink.com/visa.php,1
www.physics2u.org/templates/beez/css/a1/index.html,1
www.physics2u.org/templates/beez/css/a1/,1
www.easymarketing.hu/wp-includes/images/paypal/paypal/us/error_login.html,1
www.oasisbucaramanga.org/portal/templates/beez/css/e5/Atualizar_Dados.php?confirmando,1
www.oasisbucaramanga.org/portal/templates/beez/css/e5/confirmando.html,1
www.minnesotairish.com/v-web/northrock.htm,1
pyuthansamachar.com/np/Paypal_Virefication/741f85e09681ab7d07cdbad92235ec1e/webscr.php,1
passivemobilemoneymachine.com/Paypal_Virefication/ec36a303cacf405c4559c9d1cc4bb60a/,1
passivemobilemoneymachine.com/Paypal_Virefication/4d884989290116285908cd3a044421a6/webscr.php?cmd=_login-run&dispatch=5885d80a13c0db1f1ff80d546411d7f8a8350c132bc41e0934cfc023d4e8f9e5,1
www.egitimogretimci.com//wp-admin/images/screenshots/index.htm,1
popgoesthehome.com/wp-content/upgrade/jan.php,1
sgipromis.com/phpFormGenerator/forms/form1.html,1
www.rrp-mfg.com/bin/,1
technicalsuport-admin.tk/,1
pichincha.polnet-computer.com/internexo/jsp/loginbiometrico/loginBiometrico.jsp,1
senyo.com/old_aol.1.3/?Login=&amp;amp;Lis=10&amp;amp;LigertID=1993745&amp;amp;us=1,1
vendez1site.com/includes/install/1fa21b5beb49f1908ecd410b63cb756d/,1
pichincha.polnet-computer.com/internexo.html/,1
frankieandlola.com.au/plugins/xmlrpc/tesco.php,1
hrpp.org.ws/form/TAMCOMEMAIL/,1
promocaomembertamfidelidade.tk/,1
member.paypal.com.cgi.bin.webscr.cmd.flow.session.lohzumu98pjkwkwudgtj3ie6btlub.online775885d80a13c0db1f8e263663d3faee8d43b1bb6ca3ufquez.befemelle.com/4064a728969477a1453f3a293537d15c/,1
thedoorfellowship.com/joomla.php,1
affiliatemoneymakingsoftware.com/uploads/Trulia/index.htm,1
paypal.com.uscgi-bin.webscr.cmd.login-submit.dispatch.97c8e6d0d14f43b296fdbdb6189c802954b1267956048.suenacristo.com/1df7b1f86929fcc7b85786b7083577ad/,1
steveathighlandscounty.com/upgrade/uploads/login/Trulia/index.htm,1
www.sec.gov/edgar.shtml,0
www.taxsites.com/associations2.html,0
www.crescan.com/pakistanicma/,0
www.ficpa.org/content/home.aspx,0
pacioli.loyola.edu/aecm/,0
www.financialaccounting.com/financialprof.htm,0
www.nattax.com/california.htm,0
www.continuingeducation.net/schedule.php?profession=Accountants,0
exinfmvs.securesites.net/training/,0
corporate.smartpros.com/education/education.html,0
www.calcpa.org/Content/foundation.aspx,0
www.straffordpub.com/content/accounting,0
www.byuaccounting.net/mediawiki,0
www.kpmg.com/cn/en/,0
www.accountpro.net/en/int_e.htm,0
indelhi.8m.com/pankaj/,0
www.kpmg.com/pk/en/,0
singapore_aberdeen.tripod.com/mackenzie.html,0
www.kpmg.com/sg/,0
www.tggweb.com/quast/,0
www.kpmg.com/IE/,0
www.pwc.com/ca/,0
www3.telus.net/davidlin/,0
webhome.idirect.com/~gmr/,0
www3.sympatico.ca/cpyndus,0
www.taxspecialistgroup.ca/public/index.asp?site=cadesky,0
www.deloitte.com/view/en_CA/ca/,0
www.groupemca.com/indexen.html,0
www.acsalaska.net/~meinel/index.html,0
www.lacourltd.com/index.htm,0
www.accountingwebsite.com/marvin,0
www.certifiedva.com/Kohn/,0
www.execusite.com/blp-cpas/,0
www.execusite.com/gjscollp/,0
www.execusite.com/hlscpa/,0
www.execusite.com/baderjdcpa/,0
www.silcom.com/~cyl/,0
fso.cpasitesolutions.com/dfishercpa/,0
www.mastersidlow.com/index.html,0
www.execusite.com/jajohnson/,0
www.execusite.com/huttercpa/,0
www.cbiz.com/cbizmhm-topeka/,0
www.execusite.com/arbcpa/,0
execusite.com/mstearns/,0
www.execusite.com/jmvccpa,0
cp3.cpasitesolutions.com/~cuneocpa/,0
www.execusite.com/weberthorson/,0
www.klineco.com/index.html,0
www.accountantsofficeonline.com/members/Trigi16815/,0
home.earthlink.net/~mjeppy/,0
www.execusite.com/iannucci/,0
www.prestinaegele.com/welcome.html,0
fso.cpasitesolutions.com/accountinggroup/,0
www.execusite.com/mackroberts/,0
www.execusite.com/mvs-cpa/,0
www.execusite.com/bsccpas/welcome.html,0
www.execusite.com/lewiscpas/,0
ras.netopia.com/harrisoncpa,0
www.execusite.com/reedcpa/welcome.html,0
my.hdvest.com/michaelmullins/,0
www.xmission.com/~tjassoc/,0
www.execusite.com/bishandhaffey/,0
www.cpa-center.com/zukerman,0
mysite.verizon.net/vzeo8acu/,0
www.execusite.com/gandkcpas/,0
www.execusite.com/kelseypc/,0
www.kpmg.com/au/,0
members.optusnet.com.au/softax/,0
members.iinet.net.au/~patrick6/,0
www.execusite.com/mcumella/,0
sbcspa.tripod.com/sbcs/,0
users.erols.com/atyrsrvc/,0
w3.gorge.net/dede/,0
www.wiley.com/college/kieso/html/assoc.html,0
www.cpateam.com/accounting-directories.htm,0
sunrisefla.com/html/Accountants/,0
www.accountantsworld.com/list/directorylist.aspx,0
pembrokepinesfla.com/html/Accountants/,0
www.topix.com/rss/business/accounting.xml,0
www.newaccountantusa.com/default.html,0
www-staff.lboro.ac.uk/~msawh/,0
wwwlib.umi.com/dissertations/,0
www.ssrn.com/arn/index.html,0
aaahq.org/pubs/AESv16/toc.htm,0
newman.baruch.cuny.edu/digital/saxe/default.htm,0
bubl.ac.uk/link/a/accountingresearch.htm,0
www.olemiss.edu/depts/general_library/aicpa/,0
www.pwc.com/us/en/state-local-tax/,0
onesource.thomsonreuters.com/salesanduse/,0
www.topix.com/rss/business/aerospace-defense.xml,0
www.celtic-lines.com/airship.html,0
www.3m.com/us/auto_marine_aero/aero/,0
home.earthlink.net/~rerasmussen/,0
www.dma-aero.com/eu.htm,0
www.spstech.com/aero/,0
www.msa.freehosting.net/Index.htm,0
freespace.virgin.net/andy.wright617/,0
www.spectrajet.homestead.com/main.html,0
www.aeroservis-sro.cz/en/English_version.htm,0
www.airenergy.de/html/index_english.html,0
users.chariot.net.au/~geastwood/,0
www.nucleus.com/~eureka/,0
www.aero.com/bonaire/,0
bellsouthpwp.net/a/v/avifliflight/,0
www.northlandcollege.edu/programs/aviation_maintenance_technology/,0
www.rangeraviation.com/interiors.html,0
members.shaw.ca/mplansolutions/,0
members.tripod.com/ralph_graves/,0
news.bbc.co.uk/1/hi/sci/tech/5394070.stm,0
news.bbc.co.uk/2/hi/uk_news/magazine/8542482.stm,0
www.survivalsuppliesltd.com/akit.html,0
www.nvo.com/procallabs/,0
www.aerofalcon.com/homepage.htm,0
www.internationalflight.homestead.com/one.html,0
www.freewebs.com/instruction/,0
home.gci.net/~rruess/,0
users.rcn.com/greenbrg/gilmore/,0
www.nsula.edu/aviation/,0
www.pennavionics.com/training/consult_svc.html,0
www.sharpaviation.com.au/index.php/pt_home,0
www.flightcamp.com.au/home,0
www.copters.com/helicopter.html,0
www.users.globalnet.co.uk/~emanners/,0
www.usfamily.net/web/jims/,0
www.freewebs.com/flighttraining/,0
www169.pair.com/jcat/jason/flying/,0
www.angelfire.com/mo/kcconsulting/index.html,0
www.materialsengineer.com/CA-fatigue.htm,0
freespace.virgin.net/mike.robins/index.htm,0
www.barco.com/defense/,0
www.smi-online.co.uk/products/default.asp?pb_sect=1,0
www.govexec.com/top200/98charts/98dod.htm,0
www.prime-power.com/military-grade/,0
www.sanmina-sci.com/markets/def_aero.html,0
www.indexdirect.com/bneil/,0
www.angelfire.com/sk/sabot/,0
www.opticalsys.com/militaryuses.html,0
www.aztechnology.com/optical.html,0
www.powerstarinc.com/power.html,0
www.angelfire.com/biz/troopsupport/,0
www.rapp-praezisionstechnik.de/html/en/home.htm,0
www.angelfire.com/biz7/troopgear/ajc.html,0
www.controlmastersinc.com/military_applications.htm,0
www.topix.com/business/aerospace-defense,0
www.energia.ru/english/index.html,0
www.invap.net/index-e.php,0
global.mitsubishielectric.com/bu/space/index.html,0
www.dassault-aviation.com/en/space.html?L=1,0
home.comcast.net/~compositex,0
www.ams.usda.gov/farmersmarkets/,0
www.angelfire.com/wa2/jjaqua/index.html,0
www.holidayjunction.com/aro/,0
homepage.tinet.ie/~decdeb/oysters.html,0
www.angelfire.com/fl5/cfarmsllc/,0
www.mitikas-sa.gr/index1.htm,0
ag.arizona.edu/azaqua/ata.html,0
www.aquaculturecouncilwa.com/marron/introduction,0
www.bannertown.com/darksea.html,0
www.angelfire.com/country/aquafarm/,0
www.angelfire.com/nb/iaa/,0
home.kpn.nl/herwa073/aquacrops/,0
www.cropking.com/aqua.shtml,0
users.vic.chariot.net.au/~agktech/,0
members.aon.at/solaris/,0
www.morningmistfarm.8m.com/index1.html,0
www.tarad.com/siamgoldfish-inter/,0
www.imbc.gr/biblio_serv/,0
www.mass.gov/czm/wpmaraqu.htm,0
www.npr.org/templates/story/story.php?storyId=5291579,0
www.lib.noaa.gov/docaqua/frontpage.htm,0
www.elsevier.com/wps/find/journaldescription.cws_home/503302/description#description,0
www.wiley.com/bw/journal.asp?ref=1353-5773,0
www.agf.gov.bc.ca/fisheries/index.htm,0
groups.yahoo.com/clubs/aquaculturefarming,0
www.gnb.ca/0027/,0
fcms.its.utas.edu.au/scieng/aqua/,0
edis.ifas.ufl.edu/TOPIC_Aquaculture,0
www.ag.auburn.edu/fish/,0
www.fao.org/DOCREP/FIELD/006/AD742E/AD742E00.HTM,0
www.ucc.ie/research/adc/,0
hawaii.gov/hdoa/adp,0
clients.ttm.bg/abi,0
www.ca.uky.edu/nssppa,0
www.heartwoods.com/html/barn_wood.html,0
www.abcopolebarns.com/1.html,0
www2.oardc.ohio-state.edu/nematodes/,0
members.aon.at/moitzi/yeti/default_eng.htm,0
www.sierratel.com/resintl/,0
pws.prserv.net/marketsolutions/,0
www.rurdev.usda.gov/rbs/index.html,0
www.tumpline.com/agriculture,0
www.virtualquincy.com/quincy/ag/index.html,0
agritechnology.com/index.htm,0
forestry.about.com/od/forestindustry1/,0
www.fs.fed.us/fsjobs/,0
www.jobsin.co.uk/?h=forestry,0
www.jobsin.co.uk/?h=agriculture,0
www.best-used-tractors.com/tractors.html,0
cattlepages.com/equipment,0
www.rainbird.com/ag/index.htm,0
rimu.orconhosting.net.nz/philproof/,0
www.kolnag.ru/english/default.htm,0
www.angelfire.com/mt/den/,0
www.angelfire.com/nc/dynadiggr/index.html,0
www.diffusion-directe.fr/eindex.htm,0
www.rotomec.com/usa/,0
members.smetc.com/gokmenler/,0
showcase.netins.net/web/grainvacsinc,0
www.sznorinco.com/shovel,0
www.agdealer.com/grande,0
www.agdealer.com/parkland,0
www.agdealer.com/chabot,0
www.agdealer.com/drummonds,0
www.agdealer.com/hlmotors,0
www.agdealer.com/keystone,0
www.agdealer.com/littlemorden,0
www.agdealer.com/kms,0
www.agdealer.com/leos,0
www.agdealer.com/notredame,0
www.agdealer.com/tic,0
www.agdealer.com/southeastern,0
www.agdealer.com/fulllineag,0
www.agdealer.com/greentrac,0
www.agdealer.com/maplefarm,0
www.agdealer.com/wheatbeltsales,0
www.agdealer.com/redvers,0
www.angelfire.com/mo3/ameritractor/,0
www.tractorjoe.com/zetor,0
agcocorpdealers.com/FLANAGANIMP/,0
agcocorpdealers.com/ROHLFS/,0
agcocorpdealers.com/PLEVNA/,0
www.agcocorpdealers.com/isaacsonimplt/,0
agcocorpdealers.com/LAUFEQUIP/,0
agcocorpdealers.com/terryimp/,0
agcocorpdealers.com/VAHRENBERGIMP/,0
agcocorpdealers.com/EARLLADD/,0
agcocorpdealers.com/SOUTHWESTERNEQUIPMENT/,0
agcocorpdealers.com/KOENECKE/,0
agcocorpdealers.com/PORTLANDIMP/,0
www.leinbachs.com/inc.html,0
www.reallyinnovations.com/sprayers.html,0
www.deere.com/en_US/ProductCatalog/FR/category/FR_SPRAYERS.html,0
buckinghammint.com/NA_Land.htm,0
www.propertyguide.com.au/rural/,0
eaglestar.net/Land_Buyers_List/index.html,0
www.northernlife.com/realestate,0
www.mts.net/~fronge/farmsale.html,0
www.malad.com/farms.htm,0
www.ranchmagazine.com/re.html,0
www.rockisland.com/~cedarfences/,0
www.wightman.ca/~blitz/,0
